{"cameraMode":{"drawMode":0,"name":"Shaded","section":"Shading Mode"},"sceneLighting":false,"audioPlay":false,"sceneViewState":{"showFog":false,"showMaterialUpdate":false,"showSkybox":false,"showFlares":false,"showImageEffects":false,"showParticleSystems":false},"in2DMode":false,"pivot":{"x":-9.494426727294922,"y":4.671960830688477,"z":3.680419921875},"rotation":{"x":0.004160966724157333,"y":0.6820674538612366,"z":0.003880944801494479,"w":-0.7312726378440857},"size":12.554970741271973,"orthographic":false}