{"cameraMode":{"drawMode":0,"name":"Shaded","section":"Shading Mode"},"sceneLighting":false,"audioPlay":false,"sceneViewState":{"showFog":false,"showMaterialUpdate":false,"showSkybox":false,"showFlares":false,"showImageEffects":false,"showParticleSystems":false},"in2DMode":false,"pivot":{"x":0.5348846912384033,"y":2.5782642364501955,"z":-1.8687691688537598},"rotation":{"x":-0.07230257242918015,"y":0.927684485912323,"z":-0.2615545392036438,"w":-0.2564440965652466},"size":21.854412078857423,"orthographic":false}